[
{
  "model": "admin.logentry",
  "pk": 1,
  "fields": {
    "action_time": "2022-10-27T17:27:26.966Z",
    "user": 1,
    "content_type": 6,
    "object_id": "2",
    "object_repr": "manager",
    "action_flag": 1,
    "change_message": "[{\"added\": {}}]"
  }
},
{
  "model": "admin.logentry",
  "pk": 2,
  "fields": {
    "action_time": "2022-10-27T17:39:30.734Z",
    "user": 1,
    "content_type": 7,
    "object_id": "1",
    "object_repr": "Post object (1)",
    "action_flag": 1,
    "change_message": "[{\"added\": {}}]"
  }
},
{
  "model": "admin.logentry",
  "pk": 3,
  "fields": {
    "action_time": "2022-10-27T17:39:39.540Z",
    "user": 1,
    "content_type": 7,
    "object_id": "1",
    "object_repr": "Post object (1)",
    "action_flag": 2,
    "change_message": "[]"
  }
},
{
  "model": "admin.logentry",
  "pk": 4,
  "fields": {
    "action_time": "2022-10-27T17:39:50.223Z",
    "user": 1,
    "content_type": 7,
    "object_id": "1",
    "object_repr": "Post object (1)",
    "action_flag": 2,
    "change_message": "[]"
  }
},
{
  "model": "admin.logentry",
  "pk": 5,
  "fields": {
    "action_time": "2022-10-27T17:40:16.893Z",
    "user": 1,
    "content_type": 7,
    "object_id": "2",
    "object_repr": "Post object (2)",
    "action_flag": 1,
    "change_message": "[{\"added\": {}}]"
  }
},
{
  "model": "admin.logentry",
  "pk": 6,
  "fields": {
    "action_time": "2022-10-27T17:42:04.913Z",
    "user": 1,
    "content_type": 7,
    "object_id": "3",
    "object_repr": "Post object (3)",
    "action_flag": 1,
    "change_message": "[{\"added\": {}}]"
  }
},
{
  "model": "admin.logentry",
  "pk": 7,
  "fields": {
    "action_time": "2022-10-27T17:47:17.195Z",
    "user": 1,
    "content_type": 8,
    "object_id": "1",
    "object_repr": "Comment object (1)",
    "action_flag": 1,
    "change_message": "[{\"added\": {}}]"
  }
},
{
  "model": "admin.logentry",
  "pk": 8,
  "fields": {
    "action_time": "2022-10-27T17:50:59.161Z",
    "user": 1,
    "content_type": 6,
    "object_id": "3",
    "object_repr": "dev",
    "action_flag": 1,
    "change_message": "[{\"added\": {}}]"
  }
},
{
  "model": "admin.logentry",
  "pk": 9,
  "fields": {
    "action_time": "2022-10-27T17:51:12.213Z",
    "user": 1,
    "content_type": 6,
    "object_id": "3",
    "object_repr": "dev",
    "action_flag": 2,
    "change_message": "[]"
  }
},
{
  "model": "admin.logentry",
  "pk": 10,
  "fields": {
    "action_time": "2022-10-27T18:38:38.863Z",
    "user": 1,
    "content_type": 7,
    "object_id": "1",
    "object_repr": "Post object (1)",
    "action_flag": 2,
    "change_message": "[{\"changed\": {\"fields\": [\"\\u041f\\u043e\\u043d\\u0440\\u0430\\u0432\\u0438\\u043b\\u043e\\u0441\\u044c \\u043f\\u043e\\u043b\\u044c\\u0437\\u043e\\u0432\\u0430\\u0442\\u0435\\u043b\\u044f\\u043c\"]}}]"
  }
},
{
  "model": "admin.logentry",
  "pk": 11,
  "fields": {
    "action_time": "2022-10-27T18:38:43.815Z",
    "user": 1,
    "content_type": 7,
    "object_id": "2",
    "object_repr": "Post object (2)",
    "action_flag": 2,
    "change_message": "[{\"changed\": {\"fields\": [\"\\u041f\\u043e\\u043d\\u0440\\u0430\\u0432\\u0438\\u043b\\u043e\\u0441\\u044c \\u043f\\u043e\\u043b\\u044c\\u0437\\u043e\\u0432\\u0430\\u0442\\u0435\\u043b\\u044f\\u043c\"]}}]"
  }
},
{
  "model": "admin.logentry",
  "pk": 12,
  "fields": {
    "action_time": "2022-10-27T18:38:48.641Z",
    "user": 1,
    "content_type": 7,
    "object_id": "3",
    "object_repr": "Post object (3)",
    "action_flag": 2,
    "change_message": "[{\"changed\": {\"fields\": [\"\\u041f\\u043e\\u043d\\u0440\\u0430\\u0432\\u0438\\u043b\\u043e\\u0441\\u044c \\u043f\\u043e\\u043b\\u044c\\u0437\\u043e\\u0432\\u0430\\u0442\\u0435\\u043b\\u044f\\u043c\"]}}]"
  }
},
{
  "model": "admin.logentry",
  "pk": 13,
  "fields": {
    "action_time": "2022-10-28T17:04:35.759Z",
    "user": 1,
    "content_type": 6,
    "object_id": "4",
    "object_repr": "user_1",
    "action_flag": 1,
    "change_message": "[{\"added\": {}}]"
  }
},
{
  "model": "admin.logentry",
  "pk": 14,
  "fields": {
    "action_time": "2022-10-28T17:15:23.894Z",
    "user": 1,
    "content_type": 6,
    "object_id": "5",
    "object_repr": "22",
    "action_flag": 1,
    "change_message": "[{\"added\": {}}]"
  }
},
{
  "model": "admin.logentry",
  "pk": 15,
  "fields": {
    "action_time": "2022-10-28T17:45:43.902Z",
    "user": 1,
    "content_type": 6,
    "object_id": "7",
    "object_repr": "user_6",
    "action_flag": 1,
    "change_message": "[{\"added\": {}}]"
  }
},
{
  "model": "admin.logentry",
  "pk": 16,
  "fields": {
    "action_time": "2022-10-28T17:50:47.102Z",
    "user": 1,
    "content_type": 7,
    "object_id": "4",
    "object_repr": "Post object (4)",
    "action_flag": 1,
    "change_message": "[{\"added\": {}}]"
  }
},
{
  "model": "admin.logentry",
  "pk": 17,
  "fields": {
    "action_time": "2022-10-29T18:17:27.540Z",
    "user": 1,
    "content_type": 6,
    "object_id": "1",
    "object_repr": "root",
    "action_flag": 2,
    "change_message": "[{\"changed\": {\"fields\": [\"\\u0410\\u0432\\u0430\\u0442\\u0430\\u0440\"]}}]"
  }
},
{
  "model": "admin.logentry",
  "pk": 18,
  "fields": {
    "action_time": "2022-10-29T18:18:21.014Z",
    "user": 1,
    "content_type": 6,
    "object_id": "2",
    "object_repr": "manager",
    "action_flag": 2,
    "change_message": "[{\"changed\": {\"fields\": [\"\\u0410\\u0432\\u0430\\u0442\\u0430\\u0440\"]}}]"
  }
},
{
  "model": "admin.logentry",
  "pk": 19,
  "fields": {
    "action_time": "2022-10-30T15:25:21.457Z",
    "user": 1,
    "content_type": 6,
    "object_id": "1",
    "object_repr": "root",
    "action_flag": 2,
    "change_message": "[{\"changed\": {\"fields\": [\"\\u0410\\u0432\\u0430\\u0442\\u0430\\u0440\"]}}]"
  }
},
{
  "model": "admin.logentry",
  "pk": 20,
  "fields": {
    "action_time": "2022-10-30T15:25:36.000Z",
    "user": 1,
    "content_type": 6,
    "object_id": "1",
    "object_repr": "root",
    "action_flag": 2,
    "change_message": "[{\"changed\": {\"fields\": [\"\\u0410\\u0432\\u0430\\u0442\\u0430\\u0440\"]}}]"
  }
},
{
  "model": "admin.logentry",
  "pk": 21,
  "fields": {
    "action_time": "2022-10-30T15:48:30.746Z",
    "user": 1,
    "content_type": 6,
    "object_id": "1",
    "object_repr": "root",
    "action_flag": 2,
    "change_message": "[{\"changed\": {\"fields\": [\"\\u041f\\u043e\\u0434\\u043f\\u0438\\u0441\\u043a\\u0438\"]}}]"
  }
},
{
  "model": "admin.logentry",
  "pk": 22,
  "fields": {
    "action_time": "2022-10-30T16:29:19.245Z",
    "user": 1,
    "content_type": 6,
    "object_id": "1",
    "object_repr": "root",
    "action_flag": 2,
    "change_message": "[{\"changed\": {\"fields\": [\"\\u041f\\u043e\\u0434\\u043f\\u0438\\u0441\\u043a\\u0438\"]}}]"
  }
},
{
  "model": "admin.logentry",
  "pk": 23,
  "fields": {
    "action_time": "2022-10-30T18:04:44.164Z",
    "user": 1,
    "content_type": 6,
    "object_id": "15",
    "object_repr": "qq",
    "action_flag": 1,
    "change_message": "[{\"added\": {}}]"
  }
},
{
  "model": "admin.logentry",
  "pk": 24,
  "fields": {
    "action_time": "2022-10-31T05:36:58.729Z",
    "user": 1,
    "content_type": 6,
    "object_id": "1",
    "object_repr": "root",
    "action_flag": 2,
    "change_message": "[{\"changed\": {\"fields\": [\"First name\", \"Last name\"]}}]"
  }
},
{
  "model": "admin.logentry",
  "pk": 25,
  "fields": {
    "action_time": "2022-10-31T09:44:23.875Z",
    "user": 1,
    "content_type": 6,
    "object_id": "1",
    "object_repr": "root",
    "action_flag": 2,
    "change_message": "[{\"changed\": {\"fields\": [\"\\u0414\\u0430\\u0442\\u0430 \\u0440\\u043e\\u0436\\u0434\\u0435\\u043d\\u0438\\u044f\", \"\\u0418\\u043d\\u0444\\u043e\\u0440\\u043c\\u0430\\u0446\\u0438\\u044f\", \"\\u041f\\u043e\\u0434\\u043f\\u0438\\u0441\\u043a\\u0438\"]}}]"
  }
},
{
  "model": "auth.permission",
  "pk": 1,
  "fields": {
    "name": "Can add log entry",
    "content_type": 1,
    "codename": "add_logentry"
  }
},
{
  "model": "auth.permission",
  "pk": 2,
  "fields": {
    "name": "Can change log entry",
    "content_type": 1,
    "codename": "change_logentry"
  }
},
{
  "model": "auth.permission",
  "pk": 3,
  "fields": {
    "name": "Can delete log entry",
    "content_type": 1,
    "codename": "delete_logentry"
  }
},
{
  "model": "auth.permission",
  "pk": 4,
  "fields": {
    "name": "Can view log entry",
    "content_type": 1,
    "codename": "view_logentry"
  }
},
{
  "model": "auth.permission",
  "pk": 5,
  "fields": {
    "name": "Can add permission",
    "content_type": 2,
    "codename": "add_permission"
  }
},
{
  "model": "auth.permission",
  "pk": 6,
  "fields": {
    "name": "Can change permission",
    "content_type": 2,
    "codename": "change_permission"
  }
},
{
  "model": "auth.permission",
  "pk": 7,
  "fields": {
    "name": "Can delete permission",
    "content_type": 2,
    "codename": "delete_permission"
  }
},
{
  "model": "auth.permission",
  "pk": 8,
  "fields": {
    "name": "Can view permission",
    "content_type": 2,
    "codename": "view_permission"
  }
},
{
  "model": "auth.permission",
  "pk": 9,
  "fields": {
    "name": "Can add group",
    "content_type": 3,
    "codename": "add_group"
  }
},
{
  "model": "auth.permission",
  "pk": 10,
  "fields": {
    "name": "Can change group",
    "content_type": 3,
    "codename": "change_group"
  }
},
{
  "model": "auth.permission",
  "pk": 11,
  "fields": {
    "name": "Can delete group",
    "content_type": 3,
    "codename": "delete_group"
  }
},
{
  "model": "auth.permission",
  "pk": 12,
  "fields": {
    "name": "Can view group",
    "content_type": 3,
    "codename": "view_group"
  }
},
{
  "model": "auth.permission",
  "pk": 13,
  "fields": {
    "name": "Can add content type",
    "content_type": 4,
    "codename": "add_contenttype"
  }
},
{
  "model": "auth.permission",
  "pk": 14,
  "fields": {
    "name": "Can change content type",
    "content_type": 4,
    "codename": "change_contenttype"
  }
},
{
  "model": "auth.permission",
  "pk": 15,
  "fields": {
    "name": "Can delete content type",
    "content_type": 4,
    "codename": "delete_contenttype"
  }
},
{
  "model": "auth.permission",
  "pk": 16,
  "fields": {
    "name": "Can view content type",
    "content_type": 4,
    "codename": "view_contenttype"
  }
},
{
  "model": "auth.permission",
  "pk": 17,
  "fields": {
    "name": "Can add session",
    "content_type": 5,
    "codename": "add_session"
  }
},
{
  "model": "auth.permission",
  "pk": 18,
  "fields": {
    "name": "Can change session",
    "content_type": 5,
    "codename": "change_session"
  }
},
{
  "model": "auth.permission",
  "pk": 19,
  "fields": {
    "name": "Can delete session",
    "content_type": 5,
    "codename": "delete_session"
  }
},
{
  "model": "auth.permission",
  "pk": 20,
  "fields": {
    "name": "Can view session",
    "content_type": 5,
    "codename": "view_session"
  }
},
{
  "model": "auth.permission",
  "pk": 21,
  "fields": {
    "name": "Can add Профиль",
    "content_type": 6,
    "codename": "add_account"
  }
},
{
  "model": "auth.permission",
  "pk": 22,
  "fields": {
    "name": "Can change Профиль",
    "content_type": 6,
    "codename": "change_account"
  }
},
{
  "model": "auth.permission",
  "pk": 23,
  "fields": {
    "name": "Can delete Профиль",
    "content_type": 6,
    "codename": "delete_account"
  }
},
{
  "model": "auth.permission",
  "pk": 24,
  "fields": {
    "name": "Can view Профиль",
    "content_type": 6,
    "codename": "view_account"
  }
},
{
  "model": "auth.permission",
  "pk": 25,
  "fields": {
    "name": "Can add post",
    "content_type": 7,
    "codename": "add_post"
  }
},
{
  "model": "auth.permission",
  "pk": 26,
  "fields": {
    "name": "Can change post",
    "content_type": 7,
    "codename": "change_post"
  }
},
{
  "model": "auth.permission",
  "pk": 27,
  "fields": {
    "name": "Can delete post",
    "content_type": 7,
    "codename": "delete_post"
  }
},
{
  "model": "auth.permission",
  "pk": 28,
  "fields": {
    "name": "Can view post",
    "content_type": 7,
    "codename": "view_post"
  }
},
{
  "model": "auth.permission",
  "pk": 29,
  "fields": {
    "name": "Can add comment",
    "content_type": 8,
    "codename": "add_comment"
  }
},
{
  "model": "auth.permission",
  "pk": 30,
  "fields": {
    "name": "Can change comment",
    "content_type": 8,
    "codename": "change_comment"
  }
},
{
  "model": "auth.permission",
  "pk": 31,
  "fields": {
    "name": "Can delete comment",
    "content_type": 8,
    "codename": "delete_comment"
  }
},
{
  "model": "auth.permission",
  "pk": 32,
  "fields": {
    "name": "Can view comment",
    "content_type": 8,
    "codename": "view_comment"
  }
},
{
  "model": "contenttypes.contenttype",
  "pk": 1,
  "fields": {
    "app_label": "admin",
    "model": "logentry"
  }
},
{
  "model": "contenttypes.contenttype",
  "pk": 2,
  "fields": {
    "app_label": "auth",
    "model": "permission"
  }
},
{
  "model": "contenttypes.contenttype",
  "pk": 3,
  "fields": {
    "app_label": "auth",
    "model": "group"
  }
},
{
  "model": "contenttypes.contenttype",
  "pk": 4,
  "fields": {
    "app_label": "contenttypes",
    "model": "contenttype"
  }
},
{
  "model": "contenttypes.contenttype",
  "pk": 5,
  "fields": {
    "app_label": "sessions",
    "model": "session"
  }
},
{
  "model": "contenttypes.contenttype",
  "pk": 6,
  "fields": {
    "app_label": "accounts",
    "model": "account"
  }
},
{
  "model": "contenttypes.contenttype",
  "pk": 7,
  "fields": {
    "app_label": "posts",
    "model": "post"
  }
},
{
  "model": "contenttypes.contenttype",
  "pk": 8,
  "fields": {
    "app_label": "posts",
    "model": "comment"
  }
},
{
  "model": "sessions.session",
  "pk": "6ugyi8e6xk36bv1vh6808l6066xzyhj8",
  "fields": {
    "session_data": ".eJxVjDsOwjAQBe_iGln2ev0JJX3OYPmzwQFkS3FSIe5OIqWAdmbeezMftrX4rdPi58yuTLLLL4shPakeIj9CvTeeWl2XOfIj4aftfGyZXrez_TsooZd9rQcnBodWT8lER5FgQi2RAMGCNWAUCTAopMqIGaMSJugQtSC1E-3Y5wuycTZ_:1ooaqq:iA52ATWwHIce0V0EPyNo2808DrK_1zpDgIsldIm9_gc",
    "expire_date": "2022-11-12T01:41:32.195Z"
  }
},
{
  "model": "sessions.session",
  "pk": "h050snvbpe522sg5y0kiy5ld3fzmiqqn",
  "fields": {
    "session_data": ".eJxVjDsOwjAQBe_iGln2ev0JJX3OYPmzwQFkS3FSIe5OIqWAdmbeezMftrX4rdPi58yuTLLLL4shPakeIj9CvTeeWl2XOfIj4aftfGyZXrez_TsooZd9rQcnBodWT8lER5FgQi2RAMGCNWAUCTAopMqIGaMSJugQtSC1E-3Y5wuycTZ_:1opLz4:xZQ3mH4JbhNc9dJ6XtS66DY0lACNtqswAMQZDtYF6-M",
    "expire_date": "2022-11-14T04:01:10.224Z"
  }
},
{
  "model": "sessions.session",
  "pk": "q0ozucturw0q07llmrp0ijgusxb8jtmw",
  "fields": {
    "session_data": ".eJxVjDsOwjAQBe_iGln2ev0JJX3OYPmzwQFkS3FSIe5OIqWAdmbeezMftrX4rdPi58yuTLLLL4shPakeIj9CvTeeWl2XOfIj4aftfGyZXrez_TsooZd9rQcnBodWT8lER5FgQi2RAMGCNWAUCTAopMqIGaMSJugQtSC1E-3Y5wuycTZ_:1opZ8N:RP-jNOSlOukJjnGTjq4ms_8ajW0n9btx5SXF98TlFrU",
    "expire_date": "2022-11-14T18:03:39.508Z"
  }
},
{
  "model": "accounts.account",
  "pk": 1,
  "fields": {
    "password": "pbkdf2_sha256$390000$EcD5Nu18h0huc4ewsi3P6G$stoUgteJB/4odiQYOtXRRsOCoWzpesjocuQ+jfBBszc=",
    "last_login": "2022-10-31T18:03:39.502Z",
    "is_superuser": true,
    "username": "root",
    "first_name": "first_name",
    "last_name": "last_name",
    "email": "",
    "is_staff": true,
    "is_active": true,
    "date_joined": "2022-10-27T17:26:04Z",
    "avatar": "avatars/Diplom68б_5pnvdIt.png",
    "birthday": "2022-10-27",
    "about": "Девушка привязалась к чудовищу, своей любовью рассеяла магические чары и оказалось, что чудовище - это прекрасный принц...",
    "phone": null,
    "sex": null,
    "groups": [],
    "user_permissions": [],
    "subscriptions": [
      2,
      4
    ]
  }
},
{
  "model": "accounts.account",
  "pk": 2,
  "fields": {
    "password": "manager",
    "last_login": "2022-10-27T17:27:03Z",
    "is_superuser": false,
    "username": "manager",
    "first_name": "manager",
    "last_name": "manager",
    "email": "manager@mail.ru",
    "is_staff": false,
    "is_active": true,
    "date_joined": "2022-10-27T17:26:58Z",
    "avatar": "avatars/Placeholder_cMxNAt6.png",
    "birthday": "2022-10-27",
    "about": "",
    "phone": null,
    "sex": null,
    "groups": [],
    "user_permissions": [],
    "subscriptions": []
  }
},
{
  "model": "accounts.account",
  "pk": 3,
  "fields": {
    "password": "dev",
    "last_login": "2022-10-27T17:49:30Z",
    "is_superuser": false,
    "username": "dev",
    "first_name": "dev",
    "last_name": "",
    "email": "",
    "is_staff": false,
    "is_active": true,
    "date_joined": "2022-10-27T17:49:18Z",
    "avatar": "",
    "birthday": null,
    "about": null,
    "phone": null,
    "sex": null,
    "groups": [],
    "user_permissions": [],
    "subscriptions": []
  }
},
{
  "model": "accounts.account",
  "pk": 4,
  "fields": {
    "password": "user_1",
    "last_login": null,
    "is_superuser": false,
    "username": "user_1",
    "first_name": "",
    "last_name": "",
    "email": "user_1@mail.ru",
    "is_staff": false,
    "is_active": true,
    "date_joined": "2022-10-28T17:03:33Z",
    "avatar": "avatars/Diplom68б_7MdZwzY.png",
    "birthday": "2022-10-28",
    "about": "",
    "phone": null,
    "sex": null,
    "groups": [],
    "user_permissions": [],
    "subscriptions": []
  }
},
{
  "model": "accounts.account",
  "pk": 5,
  "fields": {
    "password": "1",
    "last_login": null,
    "is_superuser": false,
    "username": "22",
    "first_name": "",
    "last_name": "",
    "email": "",
    "is_staff": false,
    "is_active": true,
    "date_joined": "2022-10-28T17:15:10Z",
    "avatar": "",
    "birthday": null,
    "about": "",
    "phone": null,
    "sex": null,
    "groups": [],
    "user_permissions": [],
    "subscriptions": []
  }
},
{
  "model": "accounts.account",
  "pk": 6,
  "fields": {
    "password": "pbkdf2_sha256$390000$PhhZaRd0yZebRqYzUUZIkG$RnNr4OW7stG6BBkLRhRiyXbKmiN6cYryqRhzHHr6Op4=",
    "last_login": "2022-10-28T17:17:15.619Z",
    "is_superuser": false,
    "username": "98",
    "first_name": "",
    "last_name": "",
    "email": "",
    "is_staff": false,
    "is_active": true,
    "date_joined": "2022-10-28T17:17:15.312Z",
    "avatar": "",
    "birthday": null,
    "about": null,
    "phone": null,
    "sex": null,
    "groups": [],
    "user_permissions": [],
    "subscriptions": []
  }
},
{
  "model": "accounts.account",
  "pk": 7,
  "fields": {
    "password": "user_6",
    "last_login": null,
    "is_superuser": false,
    "username": "user_6",
    "first_name": "",
    "last_name": "",
    "email": "user_6@mai.ru",
    "is_staff": false,
    "is_active": true,
    "date_joined": "2022-10-28T17:44:26Z",
    "avatar": "avatars/Diplom68б_u2FmWI5.png",
    "birthday": null,
    "about": "user_6ssssssss",
    "phone": null,
    "sex": null,
    "groups": [],
    "user_permissions": [],
    "subscriptions": []
  }
},
{
  "model": "accounts.account",
  "pk": 8,
  "fields": {
    "password": "pbkdf2_sha256$390000$LZItt2zTswy53v3qpHYx6H$IJW+RbIOXnCeHIIEKSE6oUGXyvIIKETPK8zqm7ECIsQ=",
    "last_login": "2022-10-28T17:49:37.866Z",
    "is_superuser": false,
    "username": "user_7",
    "first_name": "",
    "last_name": "",
    "email": "user_7@mail.ru",
    "is_staff": false,
    "is_active": true,
    "date_joined": "2022-10-28T17:49:37.558Z",
    "avatar": "",
    "birthday": null,
    "about": "user_7sss",
    "phone": null,
    "sex": null,
    "groups": [],
    "user_permissions": [],
    "subscriptions": []
  }
},
{
  "model": "accounts.account",
  "pk": 9,
  "fields": {
    "password": "pbkdf2_sha256$390000$QfmGuXmCBMsW8991VU1gLc$re9n22LfgWkZPV+aZ1NqA7iSozNtlMEZe6NuhFWOdI8=",
    "last_login": "2022-10-28T17:55:56.020Z",
    "is_superuser": false,
    "username": "user_8",
    "first_name": "user_8",
    "last_name": "",
    "email": "manager@mail.ru",
    "is_staff": false,
    "is_active": true,
    "date_joined": "2022-10-28T17:55:55.714Z",
    "avatar": "",
    "birthday": null,
    "about": "user_8sss",
    "phone": null,
    "sex": null,
    "groups": [],
    "user_permissions": [],
    "subscriptions": []
  }
},
{
  "model": "accounts.account",
  "pk": 10,
  "fields": {
    "password": "pbkdf2_sha256$390000$ptspGJTj3HjwfReegGoifV$yzkm0IDpVdfDqBYUT3PeNwYJkpkyaHExtCXphGxLpi8=",
    "last_login": "2022-10-28T18:02:31.673Z",
    "is_superuser": false,
    "username": "25",
    "first_name": "",
    "last_name": "",
    "email": "hope28281@gmail.com",
    "is_staff": false,
    "is_active": true,
    "date_joined": "2022-10-28T18:02:31.365Z",
    "avatar": "",
    "birthday": null,
    "about": "3",
    "phone": null,
    "sex": null,
    "groups": [],
    "user_permissions": [],
    "subscriptions": []
  }
},
{
  "model": "accounts.account",
  "pk": 11,
  "fields": {
    "password": "pbkdf2_sha256$390000$O81JbCgwt0lKCJbi23KGDF$4JsWh4FZ+1+hATYseK1ceG35Ahl6uUiCCXDebeXNtaA=",
    "last_login": "2022-10-28T18:02:48.888Z",
    "is_superuser": false,
    "username": "33",
    "first_name": "",
    "last_name": "",
    "email": "manager@mail.ru",
    "is_staff": false,
    "is_active": true,
    "date_joined": "2022-10-28T18:02:48.600Z",
    "avatar": "",
    "birthday": null,
    "about": "",
    "phone": null,
    "sex": null,
    "groups": [],
    "user_permissions": [],
    "subscriptions": []
  }
},
{
  "model": "accounts.account",
  "pk": 12,
  "fields": {
    "password": "pbkdf2_sha256$390000$dJIX3akajUDD6cqSvFC1n6$OF8jmmV2zZxeKmsmUZ1GLeYXwfR8FpKI8UtMSJwVDH8=",
    "last_login": "2022-10-30T17:54:26.228Z",
    "is_superuser": false,
    "username": "rootlll",
    "first_name": "",
    "last_name": "",
    "email": "hope8787@mail.ru",
    "is_staff": false,
    "is_active": true,
    "date_joined": "2022-10-30T17:54:25.919Z",
    "avatar": "",
    "birthday": null,
    "about": "",
    "phone": null,
    "sex": null,
    "groups": [],
    "user_permissions": [],
    "subscriptions": []
  }
},
{
  "model": "accounts.account",
  "pk": 13,
  "fields": {
    "password": "pbkdf2_sha256$390000$phliOtu7doWeEErtViHGKd$n3KOCE7u6HewBCOVxyKjo+m8V7seUsrH4NNp65ycVP0=",
    "last_login": "2022-10-30T18:01:59.279Z",
    "is_superuser": false,
    "username": "rooteewew",
    "first_name": "",
    "last_name": "",
    "email": "hope8787@mail.ru",
    "is_staff": false,
    "is_active": true,
    "date_joined": "2022-10-30T18:01:58.975Z",
    "avatar": "",
    "birthday": null,
    "about": "",
    "phone": null,
    "sex": null,
    "groups": [],
    "user_permissions": [],
    "subscriptions": []
  }
},
{
  "model": "accounts.account",
  "pk": 14,
  "fields": {
    "password": "pbkdf2_sha256$390000$rldW1OqPLmE40H3wRodBAu$T4KpRhRek6PlPshxQj6qYCZ/WQDKiMHwlLKr30qGs5I=",
    "last_login": "2022-10-30T18:03:28.393Z",
    "is_superuser": false,
    "username": "roots",
    "first_name": "",
    "last_name": "",
    "email": "hope8787@mail.ru",
    "is_staff": false,
    "is_active": true,
    "date_joined": "2022-10-30T18:03:28.081Z",
    "avatar": "",
    "birthday": null,
    "about": "",
    "phone": null,
    "sex": null,
    "groups": [],
    "user_permissions": [],
    "subscriptions": []
  }
},
{
  "model": "accounts.account",
  "pk": 15,
  "fields": {
    "password": "q",
    "last_login": null,
    "is_superuser": false,
    "username": "qq",
    "first_name": "",
    "last_name": "",
    "email": "",
    "is_staff": false,
    "is_active": true,
    "date_joined": "2022-10-30T18:04:20Z",
    "avatar": "avatars/Screenshot_2015-02-06-09-21-21.png",
    "birthday": null,
    "about": "",
    "phone": null,
    "sex": null,
    "groups": [],
    "user_permissions": [],
    "subscriptions": []
  }
},
{
  "model": "accounts.account",
  "pk": 16,
  "fields": {
    "password": "pbkdf2_sha256$390000$rm8Lbutf359i9OL88wdcwP$RGDAbweptf+gPFS0Fe9wGIcg+tldhmQ4A+fF8c9NrLA=",
    "last_login": "2022-10-30T18:19:19.927Z",
    "is_superuser": false,
    "username": "rootdsdsd",
    "first_name": "",
    "last_name": "",
    "email": "hope8787@mail.ru",
    "is_staff": false,
    "is_active": true,
    "date_joined": "2022-10-30T18:19:19.623Z",
    "avatar": "",
    "birthday": null,
    "about": "",
    "phone": null,
    "sex": null,
    "groups": [],
    "user_permissions": [],
    "subscriptions": []
  }
},
{
  "model": "accounts.account",
  "pk": 17,
  "fields": {
    "password": "pbkdf2_sha256$390000$YxSwxlBU2Z9Z4mmZc3UO47$5Jdr0AjqGIsamPPQfWDC5p8iPncvlWpmHtCxGwPd5Ro=",
    "last_login": "2022-10-30T18:27:31.875Z",
    "is_superuser": false,
    "username": "rootww",
    "first_name": "",
    "last_name": "",
    "email": "hope8787@mail.ru",
    "is_staff": false,
    "is_active": true,
    "date_joined": "2022-10-30T18:27:31.482Z",
    "avatar": "avatars/Screenshot_2015-02-06-09-21-30.png",
    "birthday": null,
    "about": "",
    "phone": null,
    "sex": null,
    "groups": [],
    "user_permissions": [],
    "subscriptions": []
  }
},
{
  "model": "accounts.account",
  "pk": 18,
  "fields": {
    "password": "pbkdf2_sha256$390000$tk2XEXPsE4eGmt03H7l4ZA$OnDIwf14hbgjRsyDI+IZu/BE0dXvBh1+293KgXuZdRs=",
    "last_login": "2022-10-30T18:30:40.582Z",
    "is_superuser": false,
    "username": "dfdf",
    "first_name": "",
    "last_name": "",
    "email": "hope8787@mail.ru",
    "is_staff": false,
    "is_active": true,
    "date_joined": "2022-10-30T18:30:40.198Z",
    "avatar": "avatars/Screenshot_2015-02-06-23-33-54.png",
    "birthday": null,
    "about": "",
    "phone": null,
    "sex": null,
    "groups": [],
    "user_permissions": [],
    "subscriptions": []
  }
},
{
  "model": "accounts.account",
  "pk": 19,
  "fields": {
    "password": "pbkdf2_sha256$390000$5qPuRV9djqpX8jZuCOxrcR$wnYelCw8kpkkHdpmzOwh8IdqnXZ3bBZxPV6Rwya2F6M=",
    "last_login": "2022-10-30T18:31:12.406Z",
    "is_superuser": false,
    "username": "rootssss",
    "first_name": "",
    "last_name": "",
    "email": "hope8787@mail.ru",
    "is_staff": false,
    "is_active": true,
    "date_joined": "2022-10-30T18:31:11.029Z",
    "avatar": "avatars/Screenshot_2015-02-06-23-33-54_e9yd2wX.png",
    "birthday": null,
    "about": "",
    "phone": null,
    "sex": null,
    "groups": [],
    "user_permissions": [],
    "subscriptions": []
  }
},
{
  "model": "accounts.account",
  "pk": 20,
  "fields": {
    "password": "pbkdf2_sha256$390000$xmQwGFUNiLT433gfRk8jHa$zPv6I8CqhwMhbgbZp/SJW3gBhmBTLQYve/ywCX5JeZ4=",
    "last_login": "2022-10-31T17:10:57.023Z",
    "is_superuser": false,
    "username": "rootsx",
    "first_name": "",
    "last_name": "",
    "email": "hope8787@mail.ru",
    "is_staff": false,
    "is_active": true,
    "date_joined": "2022-10-31T17:10:56.401Z",
    "avatar": "avatars/Diplom68б_9OYjFTg.png",
    "birthday": null,
    "about": "",
    "phone": null,
    "sex": null,
    "groups": [],
    "user_permissions": [],
    "subscriptions": []
  }
},
{
  "model": "posts.post",
  "pk": 1,
  "fields": {
    "description": "первый пост",
    "image": "posts/Diplom68б.png",
    "author": 1,
    "created_at": "2022-10-27T17:39:30.728Z",
    "liked_users": [
      1,
      2
    ]
  }
},
{
  "model": "posts.post",
  "pk": 2,
  "fields": {
    "description": "Второй пост",
    "image": "posts/insta.png",
    "author": 2,
    "created_at": "2022-10-27T17:40:16.891Z",
    "liked_users": [
      1,
      2,
      3
    ]
  }
},
{
  "model": "posts.post",
  "pk": 3,
  "fields": {
    "description": "пост три",
    "image": "posts/insta_gZnQ6PM.png",
    "author": 1,
    "created_at": "2022-10-27T17:42:04.907Z",
    "liked_users": [
      1,
      2,
      3
    ]
  }
},
{
  "model": "posts.post",
  "pk": 4,
  "fields": {
    "description": "пост-5",
    "image": "posts/Diplom68б_dQwGlpW.png",
    "author": 8,
    "created_at": "2022-10-28T17:50:47.097Z",
    "liked_users": [
      1,
      2,
      3,
      4
    ]
  }
},
{
  "model": "posts.post",
  "pk": 5,
  "fields": {
    "description": "wdqwdqwd",
    "image": "",
    "author": 1,
    "created_at": "2022-10-30T17:34:34.552Z",
    "liked_users": []
  }
},
{
  "model": "posts.post",
  "pk": 6,
  "fields": {
    "description": "wdqwdqwd",
    "image": "",
    "author": 1,
    "created_at": "2022-10-30T17:35:49.866Z",
    "liked_users": []
  }
},
{
  "model": "posts.post",
  "pk": 7,
  "fields": {
    "description": "ыфыв",
    "image": "",
    "author": 1,
    "created_at": "2022-10-30T17:41:37.442Z",
    "liked_users": []
  }
},
{
  "model": "posts.post",
  "pk": 8,
  "fields": {
    "description": "ййййй",
    "image": "",
    "author": 1,
    "created_at": "2022-10-30T17:42:14.427Z",
    "liked_users": [
      1
    ]
  }
},
{
  "model": "posts.post",
  "pk": 9,
  "fields": {
    "description": "111111111",
    "image": "",
    "author": 1,
    "created_at": "2022-10-30T17:48:35.236Z",
    "liked_users": []
  }
},
{
  "model": "posts.post",
  "pk": 10,
  "fields": {
    "description": "dcscs",
    "image": "posts/Screenshot_2015-02-06-23-33-27.png",
    "author": 2,
    "created_at": "2022-10-30T18:39:30.124Z",
    "liked_users": [
      20
    ]
  }
},
{
  "model": "posts.post",
  "pk": 11,
  "fields": {
    "description": "dcscs",
    "image": "posts/Screenshot_2015-02-06-23-33-27_IbeyKN8.png",
    "author": 2,
    "created_at": "2022-10-30T18:40:30.509Z",
    "liked_users": []
  }
},
{
  "model": "posts.post",
  "pk": 12,
  "fields": {
    "description": "dcscs",
    "image": "posts/Screenshot_2015-02-06-23-33-27_fPIRO5n.png",
    "author": 2,
    "created_at": "2022-10-30T18:40:45.763Z",
    "liked_users": []
  }
},
{
  "model": "posts.post",
  "pk": 13,
  "fields": {
    "description": "dsds",
    "image": "posts/Screenshot_2015-02-06-23-33-54.png",
    "author": 1,
    "created_at": "2022-10-30T18:42:01.988Z",
    "liked_users": []
  }
},
{
  "model": "posts.post",
  "pk": 14,
  "fields": {
    "description": "sssss",
    "image": "posts/Screenshot_2015-02-06-23-33-54_w0Ns7B8.png",
    "author": 4,
    "created_at": "2022-10-30T18:42:25.146Z",
    "liked_users": []
  }
},
{
  "model": "posts.post",
  "pk": 15,
  "fields": {
    "description": "665",
    "image": "posts/Screenshot_2015-02-06-23-33-54_WOa0nT1.png",
    "author": 2,
    "created_at": "2022-10-30T18:44:23.386Z",
    "liked_users": [
      1
    ]
  }
},
{
  "model": "posts.post",
  "pk": 16,
  "fields": {
    "description": "dsds",
    "image": "posts/Screenshot_2015-02-06-23-33-54_CTuAaqv.png",
    "author": 4,
    "created_at": "2022-10-30T18:44:56.374Z",
    "liked_users": [
      1
    ]
  }
},
{
  "model": "posts.post",
  "pk": 17,
  "fields": {
    "description": "sasa",
    "image": "posts/1.jpeg",
    "author": 2,
    "created_at": "2022-10-30T18:45:40.098Z",
    "liked_users": [
      1
    ]
  }
},
{
  "model": "posts.post",
  "pk": 18,
  "fields": {
    "description": "515",
    "image": "posts/1_1749NJa.jpeg",
    "author": 1,
    "created_at": "2022-10-30T18:46:07.068Z",
    "liked_users": [
      1
    ]
  }
},
{
  "model": "posts.post",
  "pk": 19,
  "fields": {
    "description": "ss",
    "image": "posts/WhatsApp_Image_2022-02-08_at_21.51.07.jpeg",
    "author": 4,
    "created_at": "2022-10-30T18:47:17.796Z",
    "liked_users": [
      1
    ]
  }
},
{
  "model": "posts.post",
  "pk": 20,
  "fields": {
    "description": "dsds",
    "image": "posts/WhatsApp_Image_2022-02-08_at_21.51.07_1wdcOn5.jpeg",
    "author": 17,
    "created_at": "2022-10-30T18:48:03.106Z",
    "liked_users": [
      1
    ]
  }
},
{
  "model": "posts.post",
  "pk": 21,
  "fields": {
    "description": "dsd",
    "image": "posts/WhatsApp_Image_2022-02-08_at_21.51.07_BX3oQRM.jpeg",
    "author": 4,
    "created_at": "2022-10-30T18:48:28.478Z",
    "liked_users": []
  }
},
{
  "model": "posts.post",
  "pk": 22,
  "fields": {
    "description": "Пост под фотографию уаыаываываываываываыа",
    "image": "posts/Diplom68б_yqAsdkc.png",
    "author": 2,
    "created_at": "2022-10-31T08:07:50.182Z",
    "liked_users": [
      1
    ]
  }
},
{
  "model": "posts.post",
  "pk": 23,
  "fields": {
    "description": "ggggggggg",
    "image": "posts/Diplom68б_hxrjQsM.png",
    "author": 1,
    "created_at": "2022-10-31T13:59:08.928Z",
    "liked_users": [
      1
    ]
  }
},
{
  "model": "posts.post",
  "pk": 24,
  "fields": {
    "description": "daedada",
    "image": "posts/Diplom68б_t3X4Foc.png",
    "author": 1,
    "created_at": "2022-10-31T14:00:29.880Z",
    "liked_users": [
      1
    ]
  }
},
{
  "model": "posts.post",
  "pk": 25,
  "fields": {
    "description": "wdqwdqwd",
    "image": "posts/Diplom68б_zcuc5j4.png",
    "author": 1,
    "created_at": "2022-10-31T14:02:21.193Z",
    "liked_users": [
      1
    ]
  }
},
{
  "model": "posts.post",
  "pk": 26,
  "fields": {
    "description": "QQQQDDDDDDDQQQQQ",
    "image": "posts/Diplom68б_ucUbJtl.png",
    "author": 1,
    "created_at": "2022-10-31T14:05:40.892Z",
    "liked_users": [
      20
    ]
  }
},
{
  "model": "posts.comment",
  "pk": 1,
  "fields": {
    "author": 1,
    "post": 3,
    "text": "комментарий1",
    "created_at": "2022-05-05T01:01:00Z"
  }
},
{
  "model": "posts.comment",
  "pk": 2,
  "fields": {
    "author": 18,
    "post": 13,
    "text": "dddd",
    "created_at": "2022-10-31T14:48:47.010Z"
  }
},
{
  "model": "posts.comment",
  "pk": 3,
  "fields": {
    "author": 1,
    "post": 26,
    "text": "dccd",
    "created_at": "2022-10-31T14:53:10.842Z"
  }
},
{
  "model": "posts.comment",
  "pk": 4,
  "fields": {
    "author": 1,
    "post": 26,
    "text": "111111111111111111111",
    "created_at": "2022-10-31T14:53:36.745Z"
  }
},
{
  "model": "posts.comment",
  "pk": 5,
  "fields": {
    "author": 1,
    "post": 25,
    "text": "ssssss",
    "created_at": "2022-10-31T15:03:02.200Z"
  }
},
{
  "model": "posts.comment",
  "pk": 6,
  "fields": {
    "author": 1,
    "post": 24,
    "text": "dwdwddwd",
    "created_at": "2022-10-31T15:03:16.205Z"
  }
},
{
  "model": "posts.comment",
  "pk": 7,
  "fields": {
    "author": 1,
    "post": 23,
    "text": "sqsqsss",
    "created_at": "2022-10-31T15:03:26.961Z"
  }
},
{
  "model": "posts.comment",
  "pk": 8,
  "fields": {
    "author": 20,
    "post": 26,
    "text": "sdfefef",
    "created_at": "2022-10-31T17:41:47.970Z"
  }
},
{
  "model": "posts.comment",
  "pk": 9,
  "fields": {
    "author": 20,
    "post": 26,
    "text": "erherger",
    "created_at": "2022-10-31T17:44:33.843Z"
  }
},
{
  "model": "posts.comment",
  "pk": 10,
  "fields": {
    "author": 20,
    "post": 26,
    "text": "hjhjgjgh",
    "created_at": "2022-10-31T17:45:30.055Z"
  }
},
{
  "model": "posts.comment",
  "pk": 11,
  "fields": {
    "author": 20,
    "post": 10,
    "text": "dfgdfgd",
    "created_at": "2022-10-31T17:47:01.940Z"
  }
}
]
